Unnamed: 0, , .1, .2, .3, .4, .5, .6, .7, .8, .9, .10, .11, .12, .13, .14, .15, .16, .17, .18, .19, .20, .21
ID DATA, Industry Number, , , , IN, 2, , , , , , , , , , , , , , , , 
, Date, , , , , 45570, , , , , , , , , , , , , , , , 
, Course ID, , , , , UBP2024P, , , , , , , , , , , , , , , , 
, Number of Companies, , , , NUMCO, 5, , , , , , , , , , , , , , , , 
, Year, , , , YR, 12, , , , , , , , , , , , , , , , 
, Bonus Points, , , , , 1, , , , , , , , , , , , , , , , 
, Practice, , , , , 1, , , , , , , , , , , , , , , , 
, , , , , , , , , , , , , , , , , , , , , , 
, , , , , , , , , , , , , , , , , , , , , , 
, , , , , , , , , , , , , , , , , , , , , , 
, , , , , , , , , , , , , , , , , , , , , , 
, , , , , , , none, , , , , , , , , , , , , , , 
COMPANIES, Company A, , , 1, A, 1, A Company, , , , , , , , , , , , , , , 
, Company B, , , 2, B, 1, B Company, , , , , , , , , , , , , , , 
, Company C, , , 3, C, 1, C Company, , , , , , , , , , , , , , , 
, Company D, , , 4, D, 1, D Company, , , , , , , , , , , , , , , 
, Company E, , , 5, E, 1, E Company, , , , , , , , , , , , , , , 
, Company F, , , 6, F, 0, F Company, , , , , , , , , , , , , , , 
, Company G, , , 7, G, 0, G Company, , , , , , , , , , , , , , , 
, Company H, , , 8, H, 0, H Company, , , , , , , , , , , , , , , 
, Company I, , , 9, I, 0, I Company, , , , , , , , , , , , , , , 
, Company J, , , 10, J, 0, J Company, , , , , , , , , , , , , , , 
, Company K, , , 11, K, 0, K Company, , , , , , , , , , , , , , , 
, Company L, , , 12, L, 0, L Company, , , , , , , , , , , , , , , 
, , , , , , , , , , , , , , , , , , , , , , 
, , , , , , , , , , , , , , , , , , , , , , 
, , , , , , , , , , , , , , , , , , , , , , 
, , , , , , , , , , , , , , , , , , , , , , 
, , , , , , , , , , , , , , , , , , , , , , 
SCORING, Scoring Variables ------------------------, , , EPS, , 0.2, , , , , , , , , , , , , , , , 
  WEIGHTS, , , , ROE, , 0.2, , , , , , , , , , , , , , , , 
, , , , Stock Price, , 0.2, , , , , , , , , , , , , , , , 
, , , , Credit Rating, , 0.2, , , , , , , , , , , , , , , , 
, , , , Image Rating, , 0.2, , , , , , , , , , , , , , , , 
, , , , , , , , , , , , , , , , , , , , , , 
, I.E. versus B-I-I ---------------------------, , , Investor Expectation, , 0.5, , , , , , , , , , , , , , , , 
, , , , Best-In-Industry, , 0.5, , , , , , , , , , , , , , , , 
, , , , , , , , , , , , , , , , , , , , , , 
, , , , , , , , , , , , , , , , , , , , , , 
, , , , , , , , , , , , , , , , , , , , , , 
, , , , , , , , , , , , , , , , , , , , , , 
, , , , , , , , , , , , , , , , , , , , , , 
, , , , , , , , , , , , , , , , , , , , , , 
, , , , , , , , , , , , , , , , , , , , , , 
, , , , , , , , , , , , , , , , , , , , , , 
, , , , , , , , , , , , , , , , , , , , , , 
PAGE 1, Year X Scoreboard ----------------------, , , Rank, , 5, 3, 4, 2, 1, 6, 7, 8, 9, 10, 11, 12, , , , , 
, , , , I.E. Score, , 59, 89, 81, 110, 112, 0, 0, 0, 0, 0, 0, 0, , , , , 
, , , , B-I-I Score, , 51, 75, 69, 97, 97, 0, 0, 0, 0, 0, 0, 0, , , , , 
, , , , Wghtd Avg Score, , 55, 82, 75, 104, 105, 0, 0, 0, 0, 0, 0, 0, , , , , 
, , , , Change, , -37, 4, -31, 7, 22, 0, 0, 0, 0, 0, 0, 0, , , , , 
, , , , , , , , , , , , , , , , , , , , , , 
, , , , , , , , , , , , , , , , , , , , , , 
, , , , , , , , , , , , , , , , , , , , , , 
, , , , , , , , , , , , , , , , , , , , , , 
, , , , , , , , , , , , , , , , , , , , , , 
, Game-To-Date Scoreboard -------, , , Rank, , 5, 4, 3, 1, 2, 6, 7, 8, 9, 10, 11, 12, , , , , 
, , , , I.E. Score, , 71, 91, 91, 110, 109, 0, 0, 0, 0, 0, 0, 0, , , , , 
, , , , B-I-I Score, , 60, 75, 77, 97, 93, 0, 0, 0, 0, 0, 0, 0, , , , , 
, , , , Wghtd Avg Score, , 66, 83, 84, 104, 101, 0, 0, 0, 0, 0, 0, 0, , , , , 
, , , , Bonus Points, , 2, 0, 0, 0, 2, 0, 0, 0, 0, 0, 0, 0, , , , , 
, , , , Overall Score, , 68, 83, 84, 104, 103, 0, 0, 0, 0, 0, 0, 0, , , , , 
, , , , Change, , -25, 5, -22, 7, 20, 0, 0, 0, 0, 0, 0, 0, , , , , 
, , , , , , , , , , , , , , , , , , , , , , 
, , , , , , , , , , , , , , , , , , , , , , 
, , , , , , , , , , , , , , , , , , , , , , 
, , , , , , , , , , , , , , , , , , , , , , 
, , , , , , , , , , , , , , , , , , , , , , 
, , , , , , , , , , , , , , , , , , , , , , 
, , , , , , , , , , , , , , , , , , , , , , 
, , , , , , , , , , , , , , , , , , Investor, , , , 
, , , , , , , , , , , , , , , , , , Expect, , , , 
PAGE 2, Scoring, , EPS ---------------------------, , Y11, 2.71, 2.43, 3.38, 2.93, 2.2, 0, 0, 0, 0, 0, 0, 0, 2.5, , , , 
,   Measures, , , , Y12, 1.31, 2.72, 2.14, 3.49, 3.47, 0, 0, 0, 0, 0, 0, 0, 3, , , , 
, , , , , Y13, 0, 0, 0, 0, 0, 0, 0, 0, 0, 0, 0, 0, 3.5, , , , 
, , , , , Y14, 0, 0, 0, 0, 0, 0, 0, 0, 0, 0, 0, 0, 4, , , , 
, , , , , Y15, 0, 0, 0, 0, 0, 0, 0, 0, 0, 0, 0, 0, 4.5, , , , 
, , , , , Y16, 0, 0, 0, 0, 0, 0, 0, 0, 0, 0, 0, 0, 5.25, , , , 
, , , , , Y17, 0, 0, 0, 0, 0, 0, 0, 0, 0, 0, 0, 0, 6, , , , 
, , , , , Y18, 0, 0, 0, 0, 0, 0, 0, 0, 0, 0, 0, 0, 7, , , , 
, , , , , Y19, 0, 0, 0, 0, 0, 0, 0, 0, 0, 0, 0, 0, 8.5, , , , 
, , , , , Y20, 0, 0, 0, 0, 0, 0, 0, 0, 0, 0, 0, 0, 10, , , , 
, , , , , , , , , , , , , , , , , , , , , , 
, , , , , Wgtd Avg, 2.01, 2.57, 2.76, 3.21, 2.83, 0, 0, 0, 0, 0, 0, 0, 2.75, , , , 
, , , , , , , , , , , , , , , , , , , , , , 
, , , Yx Score ------------------, , I.E., 9, 18, 14, 22, 22, 0, 0, 0, 0, 0, 0, 0, , , , , 
, , , , , B-I-I, 8, 16, 12, 20, 20, 0, 0, 0, 0, 0, 0, 0, , , , , 
, , , GTD Score --------------------, , I.E., 15, 19, 20, 22, 20, 0, 0, 0, 0, 0, 0, 0, , , , , 
, , , , , B-I-I, 13, 16, 17, 20, 18, 0, 0, 0, 0, 0, 0, 0, , , , , 
, , , , , , , , , , , , , , , , , , , , , , 
, , , Cumulative Net Profit, , , 80517, 102913, 110526, 128333, 113269, 0, 0, 0, 0, 0, 0, 0, , , , , 
, , , , , , , , , , , , , , , , , , , , , , 
, , , , , , , , , , , , , , , , , , Investor, , , , 
, , , , , , , , , , , , , , , , , , Expect, , , , 
, , , ROE ---------------------------, , Y11, 0.229, 0.207, 0.302, 0.25, 0.189, 0, 0, 0, 0, 0, 0, 0, 0.21, , , , 
, , , , , Y12, 0.095, 0.19, 0.183, 0.251, 0.24, 0, 0, 0, 0, 0, 0, 0, 0.22, , , , 
, , , , , Y13, 0, 0, 0, 0, 0, 0, 0, 0, 0, 0, 0, 0, 0.23, , , , 
, , , , , Y14, 0, 0, 0, 0, 0, 0, 0, 0, 0, 0, 0, 0, 0.24, , , , 
, , , , , Y15, 0, 0, 0, 0, 0, 0, 0, 0, 0, 0, 0, 0, 0.25, , , , 
, , , , , Y16, 0, 0, 0, 0, 0, 0, 0, 0, 0, 0, 0, 0, 0.26, , , , 
, , , , , Y17, 0, 0, 0, 0, 0, 0, 0, 0, 0, 0, 0, 0, 0.27, , , , 
, , , , , Y18, 0, 0, 0, 0, 0, 0, 0, 0, 0, 0, 0, 0, 0.28, , , , 
, , , , , Y19, 0, 0, 0, 0, 0, 0, 0, 0, 0, 0, 0, 0, 0.29, , , , 
, , , , , Y20, 0, 0, 0, 0, 0, 0, 0, 0, 0, 0, 0, 0, 0.3, , , , 
, , , , , , , , , , , , , , , , , , , , , , 
, , , , , Wgtd Avg, 0.156, 0.198, 0.241, 0.251, 0.217, 0, 0, 0, 0, 0, 0, 0, 0.22, , , , 
, , , , , , , , , , , , , , , , , , , , , , 
, , , Yx Score ------------------, , I.E., 9, 17, 17, 21, 21, 0, 0, 0, 0, 0, 0, 0, , , , , 
, , , , , B-I-I, 8, 15, 15, 20, 19, 0, 0, 0, 0, 0, 0, 0, , , , , 
, , , GTD Score --------------------, , I.E., 14, 18, 21, 21, 20, 0, 0, 0, 0, 0, 0, 0, , , , , 
, , , , , B-I-I, 12, 16, 19, 20, 17, 0, 0, 0, 0, 0, 0, 0, , , , , 
, , , , , , , , , , , , , , , , , , , , , , 
, , , Cumulative Average Equity, , , 514676, 519972, 457977, 511588, 520795, 0, 0, 0, 0, 0, 0, 0, , , , , 
, , , , , , , , , , , , , , , , , , , , , , 
, , , , , , , , , , , , , , , , , , Investor, , , , 
, , , , , , , , , , , , , , , , , , Expect, , , , 
, , , Stock Price ---------------, , Y11, 39.08, 21.08, 68.26, 49, 27.25, 0, 0, 0, 0, 0, 0, 0, 40, , , , 
, , , , , Y12, 16.23, 31.79, 43.2, 73.35, 69.72, 0, 0, 0, 0, 0, 0, 0, 50, , , , 
, , , , , Y13, 0, 0, 0, 0, 0, 0, 0, 0, 0, 0, 0, 0, 65, , , , 
, , , , , Y14, 0, 0, 0, 0, 0, 0, 0, 0, 0, 0, 0, 0, 80, , , , 
, , , , , Y15, 0, 0, 0, 0, 0, 0, 0, 0, 0, 0, 0, 0, 100, , , , 
, , , , , Y16, 0, 0, 0, 0, 0, 0, 0, 0, 0, 0, 0, 0, 125, , , , 
, , , , , Y17, 0, 0, 0, 0, 0, 0, 0, 0, 0, 0, 0, 0, 150, , , , 
, , , , , Y18, 0, 0, 0, 0, 0, 0, 0, 0, 0, 0, 0, 0, 180, , , , 
, , , , , Y19, 0, 0, 0, 0, 0, 0, 0, 0, 0, 0, 0, 0, 215, , , , 
, , , , , Y20, 0, 0, 0, 0, 0, 0, 0, 0, 0, 0, 0, 0, 250, , , , 
, , , , , , , , , , , , , , , , , , , , , , 
, , , Yx Score ------------------, , I.E., 6, 13, 17, 24, 24, 0, 0, 0, 0, 0, 0, 0, , , , , 
, , , , , B-I-I, 4, 9, 12, 20, 19, 0, 0, 0, 0, 0, 0, 0, , , , , 
, , , GTD Score --------------------, , I.E., 6, 13, 17, 24, 24, 0, 0, 0, 0, 0, 0, 0, , , , , 
, , , , , B-I-I, 4, 9, 12, 20, 19, 0, 0, 0, 0, 0, 0, 0, , , , , 
, , , , , , , , , , , , , , , , , , , , , , 
, , , , , , , , , , , , , , , , , , , , , , 
, , , , , , , , , , , , , , , , , , , , , , 
, , , , , , , , , , , , , , , , , , , , , , 
, , , , , , , , , , , , , , , , , , , , , , 
, , , , , , , , , , , , , , , , , , , , , , 
, , , , , , , , , , , , , , , , , , , , , , 
, , , , , , , , , , , , , , , , , , , , , , 
, , , , , , , , , , , , , , , , , , Investor, , , , 
, , , , , , , , , , , , , , , , , , Expect, , , , 
PAGE 3, Scoring, , Credit Rating -----------, , Y11, 8, 7, 8, 8, 7, 0, 0, 0, 0, 0, 0, 0, 6, , , , 
,   Measures, , , , Y12, 5, 8, 4, 8, 8, 0, 0, 0, 0, 0, 0, 0, 6, , , , 
,   (concluded), , , , Y13, 0, 0, 0, 0, 0, 0, 0, 0, 0, 0, 0, 0, 6, , , , 
, , , , , Y14, 0, 0, 0, 0, 0, 0, 0, 0, 0, 0, 0, 0, 7, , , , 
, , , , , Y15, 0, 0, 0, 0, 0, 0, 0, 0, 0, 0, 0, 0, 7, , , , 
, , , , , Y16, 0, 0, 0, 0, 0, 0, 0, 0, 0, 0, 0, 0, 7, , , , 
, , , , , Y17, 0, 0, 0, 0, 0, 0, 0, 0, 0, 0, 0, 0, 8, , , , 
, , , , , Y18, 0, 0, 0, 0, 0, 0, 0, 0, 0, 0, 0, 0, 8, , , , 
, , , , , Y19, 0, 0, 0, 0, 0, 0, 0, 0, 0, 0, 0, 0, 8, , , , 
, , , , , Y20, 0, 0, 0, 0, 0, 0, 0, 0, 0, 0, 0, 0, 8, , , , 
, , , , , , , , , , , , , , , , , , , , , , 
, , , Yx Score ------------------, , I.E., 16, 23, 12, 23, 23, 0, 0, 0, 0, 0, 0, 0, , , , , 
, , , , , B-I-I, 14, 19, 11, 19, 19, 0, 0, 0, 0, 0, 0, 0, , , , , 
, , , GTD Score --------------------, , I.E., 16, 23, 12, 23, 23, 0, 0, 0, 0, 0, 0, 0, , , , , 
, , , , , B-I-I, 14, 19, 11, 19, 19, 0, 0, 0, 0, 0, 0, 0, , , , , 
, , , , , , , , , , , , , , , , , , , , , , 
, , , , , , , , , , , , , , , , , , , , , , 
, , , , , , , , , , , , , , , , , , , , , , 
, , , , , , , , , , , , , , , , , , Investor, , , , 
, , , , , , , , , , , , , , , , , , Expect, , , , 
, , , Image Rating ----------, , Y11, 70, 60, 71, 72, 81, 0, 0, 0, 0, 0, 0, 0, 70, , , , 
, , , , , Y12, 69, 66, 78, 75, 83, 0, 0, 0, 0, 0, 0, 0, 72, , , , 
, , , , , Y13, 0, 0, 0, 0, 0, 0, 0, 0, 0, 0, 0, 0, 72, , , , 
, , , , , Y14, 0, 0, 0, 0, 0, 0, 0, 0, 0, 0, 0, 0, 75, , , , 
, , , , , Y15, 0, 0, 0, 0, 0, 0, 0, 0, 0, 0, 0, 0, 75, , , , 
, , , , , Y16, 0, 0, 0, 0, 0, 0, 0, 0, 0, 0, 0, 0, 77, , , , 
, , , , , Y17, 0, 0, 0, 0, 0, 0, 0, 0, 0, 0, 0, 0, 77, , , , 
, , , , , Y18, 0, 0, 0, 0, 0, 0, 0, 0, 0, 0, 0, 0, 80, , , , 
, , , , , Y19, 0, 0, 0, 0, 0, 0, 0, 0, 0, 0, 0, 0, 80, , , , 
, , , , , Y20, 0, 0, 0, 0, 0, 0, 0, 0, 0, 0, 0, 0, 80, , , , 
, , , , , , , , , , , , , , , , , , , , , , 
, , , , , 3-Yr Avg, 70, 63, 75, 74, 82, 0, 0, 0, 0, 0, 0, 0, 71, , , , 
, , , , , , , , , , , , , , , , , , , , , , 
, , , Yx Score ------------------, , I.E., 19, 18, 21, 20, 22, 0, 0, 0, 0, 0, 0, 0, , , , , 
, , , , , B-I-I, 17, 16, 19, 18, 20, 0, 0, 0, 0, 0, 0, 0, , , , , 
, , , GTD Score --------------------, , I.E., 20, 18, 21, 20, 22, 0, 0, 0, 0, 0, 0, 0, , , , , 
, , , , , B-I-I, 17, 15, 18, 18, 20, 0, 0, 0, 0, 0, 0, 0, , , , , 
, , , , , , , , , , , , , , , , , , , , , , 
, , , , , , , , , , , , , , , , , , , , , , 
, , , , , , , , , , , , , , , , , , , , , , 
, , , , , , , , , , , , , , , , , , , , , , 
, , , , , , , , , , , , , , , , , , , , , , 
, , , , , , 11, 12, 13, 14, 15, 16, 17, 18, 19, 20, , , , , , , 
, , , , , , , , , , , , , , , , , , , , , , 
, CSRC----------, Industry ----------------------, , $000s -------, High, 17564, 15598, 0, 0, 0, 0, 0, 0, 0, 0, , , , , , , 
,   Data,   Expenditures, , , Average, 7651, 6254, 0, 0, 0, 0, 0, 0, 0, 0, , , , , , , 
, , , , , Low, 969, 1178, 0, 0, 0, 0, 0, 0, 0, 0, , , , , , , 
, , , , $/Unit --------, High, 2.28, 1.7, 0, 0, 0, 0, 0, 0, 0, 0, , , , , , , 
, , , , , Average, 0.94, 0.69, 0, 0, 0, 0, 0, 0, 0, 0, , , , , , , 
, , , , , Low, 0.15, 0.14, 0, 0, 0, 0, 0, 0, 0, 0, , , , , , , 
, , , , , , , , , , , , , , , , , , , , , , 
, , Image Rating Points --------------------, , , High, 6, 9, 0, 0, 0, 0, 0, 0, 0, 0, , , , , , , 
, ,   Generated, , , Average, 2.6, 5.4, 0, 0, 0, 0, 0, 0, 0, 0, , , , , , , 
, , , , , Low, 0, 1, 0, 0, 0, 0, 0, 0, 0, 0, , , , , , , 
, , , , , , , , , , , , , , , , , , , , , , 
, , CSRC Award --------------------------------, , , Winner, 5, 4, 0, 0, 0, 0, 0, 0, 0, 0, , , , , , , 
, , , , , 2nd Place, 3, 5, 0, 0, 0, 0, 0, 0, 0, 0, , , , , , , 
, , , , , , , , , , , , , , , , , , , , , , 
, , , , , , , , , , , , , , , , , , , , , , 
, , , , , , , , , , , , , , , , , , , , , , 
, , , , , , , , , , , , , , , , , , , , , , 
, , , , , , , , , , , , , , , , , , , , , , 
, , , , , , , , , , , , , , , , , , , , , , 
, , , , , , , , , , , , , , , , , , , , , , 
, , , , , , , , , , , , , , , , , , , , , , 
, , , , , , , , , , , , , , , , , , , , , , 
, , , , , , , , , , , , , , , , , , , , , , 
PAGE 3b, Bull's Eye Award ---------, , Revenues-------------------, , Forecast, 560260, 608485, 546118, 531099, 628770, 0, 0, 0, 0, 0, 0, 0, , , , , 
, , ,   ($000s), , Actual, 552231, 502884, 532125, 586191, 625463, 0, 0, 0, 0, 0, 0, 0, , , , , 
, , , , , % Var, -0.014, -0.174, -0.026, 0.104, -0.005, 0, 0, 0, 0, 0, 0, 0, , , , , 
, , , , , , , , , , , , , , , , , , , , , , 
, , , EPS -----------------------------, , Forecast, 1.2107, 4.01025, 2.33725, 2.58727, 3.39235, 0, 0, 0, 0, 0, 0, 0, , , , , 
, , ,   ($/share), , Actual, 1.31, 2.72, 2.14, 3.49, 3.47, 0, 0, 0, 0, 0, 0, 0, , , , , 
, , , , , % Var, 0.082, -0.322, -0.084, 0.349, 0.023, 0, 0, 0, 0, 0, 0, 0, , , , , 
, , , , , , , , , , , , , , , , , , , , , , 
, , , Image Rating --------------, , Forecast, 70, 60, 78, 70, 81, 0, 0, 0, 0, 0, 0, 0, , , , , 
, , , , , Actual, 69, 66, 78, 75, 83, 0, 0, 0, 0, 0, 0, 0, , , , , 
, , , , , Point Var, -1, 6, 0, 5, 2, 0, 0, 0, 0, 0, 0, 0, , , , , 
, , , , , , , , , , , , , , , , , , , , , , 
, , , Current-Year Award Winner, , , 1, 0, 0, 0, 1, 0, 0, 0, 0, 0, 0, 0, , , , , 
, , , Cumulative Awards, , , 2, 0, 0, 0, 1, 0, 0, 0, 0, 0, 0, 0, , , , , 
, , , , , , , , , , , , , , , , , , , , , , 
, , , , , , , , , , , , , , , , , , , , , , 
, , , , , , , , , , , , , , , , , , , , , , 
, , , , , , , , , , , , , , , , , , , , , , 
, , , , , , , , , , , , , , , , , , , , , , 
, , , , , , 11, 12, 13, 14, 15, 16, 17, 18, 19, 20, , , , , , , 
, , , , , , , , , , , , , , , , , , , , , , 
, , Trends ------, Industry Variance -------, , High, 0.043, 0.184, 0, 0, 0, 0, 0, 0, 0, 0, , , , , , , 
, , , , , Average, -0.041, 0.008, 0, 0, 0, 0, 0, 0, 0, 0, , , , , , , 
, , , , , Low, -0.174, -0.17, 0, 0, 0, 0, 0, 0, 0, 0, , , , , , , 
, , , , , , , , , , , , , , , , , , , , , , 
, , , Company Variances --, , A, 0.002, 0.018, 0, 0, 0, 0, 0, 0, 0, 0, , , , , , , 
, , , , , B, 0.041, -0.132, 0, 0, 0, 0, 0, 0, 0, 0, , , , , , , 
, , , , , C, -0.174, -0.037, 0, 0, 0, 0, 0, 0, 0, 0, , , , , , , 
, , , , , D, -0.032, 0.175, 0, 0, 0, 0, 0, 0, 0, 0, , , , , , , 
, , , , , E, -0.042, 0.014, 0, 0, 0, 0, 0, 0, 0, 0, , , , , , , 
, , , , , F, 0, 0, 0, 0, 0, 0, 0, 0, 0, 0, , , , , , , 
, , , , , G, 0, 0, 0, 0, 0, 0, 0, 0, 0, 0, , , , , , , 
, , , , , H, 0, 0, 0, 0, 0, 0, 0, 0, 0, 0, , , , , , , 
, , , , , I, 0, 0, 0, 0, 0, 0, 0, 0, 0, 0, , , , , , , 
, , , , , J, 0, 0, 0, 0, 0, 0, 0, 0, 0, 0, , , , , , , 
, , , , , K, 0, 0, 0, 0, 0, 0, 0, 0, 0, 0, , , , , , , 
, , , , , L, 0, 0, 0, 0, 0, 0, 0, 0, 0, 0, , , , , , , 
, , , , , , , , , , , , , , , , , , , , , , 
, , , , , , , , , , , , , , , , , , , , , , 
, , , , , , , , , , , , , , , , , , , , , , 
, , , , , , , , , , , , , , , , , , , , , , 
, , , , , , , , , , , , , , , , , , , , , , 
, Leap Frog Award --------------------------, , , Year 11 Score, , 92, 78, 106, 97, 83, 0, 0, 0, 0, 0, 0, 0, , , , , 
, , , ,   Award Winner, , 0, 0, 0, 0, 1, 0, 0, 0, 0, 0, 0, 0, , , , , 
, , , , ∆ from Y11, , -37, 4, -31, 7, 22, 0, 0, 0, 0, 0, 0, 0, , , , , 
, , , , Year 12 Score, , 55, 82, 75, 104, 105, 0, 0, 0, 0, 0, 0, 0, , , , , 
, , , ,   Award Winner, , 0, 0, 0, 0, 0, 0, 0, 0, 0, 0, 0, 0, , , , , 
, , , , ∆ from Y12, , 0, 0, 0, 0, 0, 0, 0, 0, 0, 0, 0, 0, , , , , 
, , , , Year 13 Score, , 0, 0, 0, 0, 0, 0, 0, 0, 0, 0, 0, 0, , , , , 
, , , ,   Award Winner, , 0, 0, 0, 0, 0, 0, 0, 0, 0, 0, 0, 0, , , , , 
, , , , ∆ from Y13, , 0, 0, 0, 0, 0, 0, 0, 0, 0, 0, 0, 0, , , , , 
, , , , Year 14 Score, , 0, 0, 0, 0, 0, 0, 0, 0, 0, 0, 0, 0, , , , , 
, , , ,   Award Winner, , 0, 0, 0, 0, 0, 0, 0, 0, 0, 0, 0, 0, , , , , 
, , , , ∆ from Y14, , 0, 0, 0, 0, 0, 0, 0, 0, 0, 0, 0, 0, , , , , 
, , , , Year 15 Score, , 0, 0, 0, 0, 0, 0, 0, 0, 0, 0, 0, 0, , , , , 
, , , ,   Award Winner, , 0, 0, 0, 0, 0, 0, 0, 0, 0, 0, 0, 0, , , , , 
, , , , ∆ from Y15, , 0, 0, 0, 0, 0, 0, 0, 0, 0, 0, 0, 0, , , , , 
, , , , Year 16 Score, , 0, 0, 0, 0, 0, 0, 0, 0, 0, 0, 0, 0, , , , , 
, , , ,   Award Winner, , 0, 0, 0, 0, 0, 0, 0, 0, 0, 0, 0, 0, , , , , 
, , , , ∆ from Y16, , 0, 0, 0, 0, 0, 0, 0, 0, 0, 0, 0, 0, , , , , 
, , , , Year 17 Score, , 0, 0, 0, 0, 0, 0, 0, 0, 0, 0, 0, 0, , , , , 
, , , ,   Award Winner, , 0, 0, 0, 0, 0, 0, 0, 0, 0, 0, 0, 0, , , , , 
, , , , ∆ from Y17, , 0, 0, 0, 0, 0, 0, 0, 0, 0, 0, 0, 0, , , , , 
, , , , Year 18 Score, , 0, 0, 0, 0, 0, 0, 0, 0, 0, 0, 0, 0, , , , , 
, , , ,   Award Winner, , 0, 0, 0, 0, 0, 0, 0, 0, 0, 0, 0, 0, , , , , 
, , , , ∆ from Y18, , 0, 0, 0, 0, 0, 0, 0, 0, 0, 0, 0, 0, , , , , 
, , , , Year 19 Score, , 0, 0, 0, 0, 0, 0, 0, 0, 0, 0, 0, 0, , , , , 
, , , ,   Award Winner, , 0, 0, 0, 0, 0, 0, 0, 0, 0, 0, 0, 0, , , , , 
, , , , ∆ from Y19, , 0, 0, 0, 0, 0, 0, 0, 0, 0, 0, 0, 0, , , , , 
, , , , Year 20 Score, , 0, 0, 0, 0, 0, 0, 0, 0, 0, 0, 0, 0, , , , , 
, , , , , , , , , , , , , , , , , , , , , , 
, , , Cumulative Awards, , , 0, 0, 0, 0, 1, 0, 0, 0, 0, 0, 0, 0, , , , , 
, , , , , , , , , , , , , , , , , , , , , , 
, , , , , , , , , , , , , , , , , , , , , , 
, , , , , , , , , , , , , , , , , , , , , , 
, , , , , , , , , , , , , , , , , , , , , , 
, , , , , , , , , , , , , , , , , , , , , , 
, , , , , , , , , , , , , , , , , , , , , , 
, , , , , , , , , , , , , , , , , , , , , , 
, , , , , , , , , , , , , , , , , , , , , , 
, , , , , , , , , , , , , , , , , , , , , , 
, , , , , , , , , , , , , , , , , , , , , , 
, , , , , , Standard, Superior, , , , , , , , , , , , , , , 
, , , , , , , , , , , , , , , , , , , , , , 
PAGE 4, Materials Prices, , Base Prices for Materials, , , 6, 12, , , , , , , , , , , , , , , 
, , , , , , , , , , , , , , , , , , , , , , 
, , , Price ---------, Materials Usage, , -0.3, 2.4, , , , , , , , , , , , , , , 
, , ,   Adjust, Facilities Utilization, , 0, 0, , , , , , , , , , , , , , , 
, , , , , , , , , , , , , , , , , , , , , , 
, , , Materials Prices in Current Year, , , 5.7, 14.4, , , , , , , , , , , , , , , 
, , , , , , , , , , , , , , , , , , , , , , 
, , , Note, , , High industry-wide superior materials usage (50.0%) lead to superior materials prices that were 20.0% above the base and standard materials prices that were 5.0% below the base.  Industry-wide utilization of production capability (106.2%) had no impact on materials prices., El alto uso de materiales superiores (50.0%) condujo a precios superiores que estaban un 20.0% por encima de la base y precios estándar que estaban un 5.0% por debajo de la base.  La utilización de la capacidad de producción (106.2%) no tuvo ningún impacto en los precios de los materiales., , , , , , , , , , , , , , , 
, , , , , , , , , , , , , , , , , , , , , , 
, , , , , , , , , , , , , , , , , , , , , , 
, , , , , , , , , , , , , , , , , , , , , , 
, , , , , , , , , , , , , , , , , , , , , , 
, , , , , , , , , , , , , , , , , , , , , , 
, , , , , , N.A., E-A, A-P, L.A., Total, , Notes, , , , , , , , , , 
, , , , , , , , , , , , , , , , , , , , , , 
, Footwear, , Superior Materials Usage, , , 0.489, 0, 0.51, 0, 0.5, , % usage down 4.2 points from Year 11., % disminuyó 4.2 puntos desde el Año 11., , , , , , , , , 
,   Production, , Utilization of Prod Capability, , , 1.019, 0, 1.108, 0, 1.062, , % usage down 4.0 points from Year 11., % disminuyó 4.0 puntos desde el Año 11., , , , , , , , , 
,   and Sales, , , , , , , , , , , , , , , , , , , , , 
, , Branded, Pairs Available for Sale, , , 12846, 11422, 9199, 8633, 42100, , 4.5% higher than Year 12 demand., 4.5% superior a la demanda del A12, , , , , , , , , 
, , , , , , , , , , , , , , , , , , , , , , 
, , , Footwear Demand -----, , Forecast, 12698, 10819, 8540, 8830, 40887, , From page 4 of FIR for Year 11., De la página 4 de FIR para el A11., , , , , , , , , 
, , , , , Actual, 12390, 10690, 8490, 8725, 40295, , Actual branded demand was 1.4% lower than forecast branded demand due to decreased competitive intensity., La demanda real de marcas fue 1.4% inferior a la prevista debido a una menor intensidad competitiva., , , , , , , , , 
, , , , , , , , , , , , , , , , , , , , , , 
, , , Branded Pairs Sold, , , 12329, 10689, 8492, 8370, 39880, , , , , , , , , , , , 
, , , , , , , , , , , , , , , , , , , , , , 
, , , No. of Companies out of stock, , , 2, 1, 1, 2, , , Extent to which orders for branded pairs went unfilled due to inventory shortages at one or more companies., Pedidos de pares de marca que no se cumplieron debido a escasez de inventario en una o más empresas., , , , , , , , , 
, , , Unfilled Orders, , , 61, 0, 0, 355, 416, , , , , , , , , , , , 
, , , , , , , , , , , , , , , , , , , , , , 
, , P-Label, Demand ----------------------, , Forecast, 1230, 1230, 1275, 1275, 5010, , From page 4 of FIR for Year 11., De la página 4 de FIR para el Año 11., , , , , , , , , 
, , , , , Actual, 1230, 1230, 1275, 1275, 5010, , , , , , , , , , , , 
, , , Pairs Offered, , , 3269, 1232, 2422, 777, 7700, , Private-label pairs offered was higher than actual private-label demand by 34.9%., Los pares de marcas privadas ofrecidos fueron superiores a la demanda real en un 34.9%., , , , , , , , , 
, , , Pairs Sold, , , 1230, 957, 1275, 777, 4239, , , , , , , , , , , , 
, , , , , , N.A., E-A, A-P, L.A., Total, , , , , , , , , , , , 
, , , , , , , , , , , , , , , , , , , , , , 
, Demand, , Branded Demand --------, , Year +1, 13067, 11315, 9351, 9655, 43388, , Global demand for Y11-Y15 is expected to grow by 7%-9% annually slowing to 5%-7% during Y16-Y20.  The projected growth rates are not the same for all regions as shown in the table on page 5 of the Player's Guide.  Actual demand growth may vary from the forecast due to stronger or weaker competitive efforts on the part of rival companies., Se espera que la demanda para los años 11-15 crezca entre un 7%-9% anual y entre un 5%-7% durante los años 16-20. El crecimiento no es el mismo en todas las regiones (consulte la página 6 de la Guía del jugador). El crecimiento real puede diferir del pronóstico debido a esfuerzos competitivos más fuertes o más débiles por parte de las empresas., , , , , , , , , 
,   Forecast, , , , Year +2, 13851, 11994, 10287, 10622, 46754, , , , , , , , , , , , 
, , , , , Year +3, 14682, 12716, 11318, 11686, 50402, , , , , , , , , , , , 
, , , , , , , , , , , , , , , , , , , , , , 
, , , P-Label Demand --------, , Year +1, 1365, 1365, 1440, 1440, 5610, , , , , , , , , , , , 
, , , , , Year +2, 1515, 1515, 1625, 1625, 6280, , , , , , , , , , , , 
, , , , , Year +3, 1680, 1680, 1835, 1835, 7030, , , , , , , , , , , , 
, , , , , , , , , , , , , , , , , , , , , , 
, , , , , , , , , , , , , , , , , , , , , , 
, , , , , , , , , , , , , , , , , , , , , , 
, , , , , , , , , , , , , , , , , , , , , , 
, , , , , , , , , , , , , , , , , , , , , , 
, Supply / Demand, , Potential ----, Beginning Inventory, , 2220, , , , , , Potential global supply (at max OT) in the upcoming year is 9.8% greater than projected global demand — a condition which will likely intensify competitive pressures somewhat until growing demand creates a need to use more of production capability currently available industry-wide., La oferta global potencial (en horas extras máximas) es 9.8% mayor que la demanda proyectada – una condición que probablemente intensificará las presiones competitivas hasta que la creciente demanda cree la necesidad de utilizar una mayor capacidad de producción de la industria., , , , , , , , , 
,   Analysis, ,   Supply, Potential Production, , 51600, , , , , , , , , , , , , , , , 
, , , ,   Potential Supply, , 53820, , , , , , , , , , , , , , , , 
, , , , , , , , , , , , , , , , , , , , , , 
, , , Potential ----, Branded Demand For, , 43388, , , , , , , , , , , , , , , , 
, , ,   Demand, Private-Label Forcast, , 5610, , , , , , , , , , , , , , , , 
, , , ,   Potential Demand, , 48998, , , , , , , , , , , , , , , , 
, , , , , , , , , , , , , , , , , , , , , , 
, , , , , , , , , , , , , , , , , , , , , , 
, , , , , , , , , , , , , , , , , , , , , , 
, , , , , , , , , , , , , , , , , , , , , , 
, , , , , , , , , , , , , , , , , , , , , , 
, , , , , , A, B, C, D, E, F, G, H, I, J, K, L, Total, , , , 
, , , , , , , , , , , , , , , , , , , , , , 
, Facility, , Current Facility ------------, , N.A., 5000, 5000, 5000, 5000, 5000, 0, 0, 0, 0, 0, 0, 0, 25000, , , , 
,   Space, ,   Space, , E-A, 0, 0, 0, 0, 0, 0, 0, 0, 0, 0, 0, 0, 0, , , , 
, , , , , A-P, 6000, 6000, 6000, 6000, 6000, 0, 0, 0, 0, 0, 0, 0, 30000, , , , 
, , , , , L.A., 0, 0, 0, 0, 0, 0, 0, 0, 0, 0, 0, 0, 0, , , , 
, , , , , , , , , , , , , , , , , , , , , , 
, , , New Space ----------------, , N.A., 0, 0, 0, 0, 0, 0, 0, 0, 0, 0, 0, 0, 0, , , , 
, , ,   Added, , E-A, 0, 0, 0, 0, 0, 0, 0, 0, 0, 0, 0, 0, 0, , , , 
, , , , , A-P, 0, 0, 0, 0, 0, 0, 0, 0, 0, 0, 0, 0, 0, , , , 
, , , , , L.A., 1000, 0, 0, 0, 0, 0, 0, 0, 0, 0, 0, 0, 1000, , , , 
, , , , , , , , , , , , , , , , , , , , , , 
, , , Total Space Next Year, , , 12000, 11000, 11000, 11000, 11000, 0, 0, 0, 0, 0, 0, 0, 56000, , , , 
, , , , , , , , , , , , , , , , , , , , , , 
, , , , , , , , , , , , , , , , , , , , , , 
, , , , , , , , , , , , , , , , , , , , , , 
, , , , , , , , , , , , , , , , , , , , , , 
, , , , , , , , , , , , , , , , , , , , , , 
, Production, , Current -----------------------, , N.A., 4000, 4500, 4500, 5000, 4000, 0, 0, 0, 0, 0, 0, 0, 22000, , , , 
,   Equipment, ,   Production, , E-A, 0, 0, 0, 0, 0, 0, 0, 0, 0, 0, 0, 0, 0, , , , 
, , ,   Equipment, , A-P, 4500, 4500, 4000, 4000, 4000, 0, 0, 0, 0, 0, 0, 0, 21000, , , , 
, , , , , L.A., 0, 0, 0, 0, 0, 0, 0, 0, 0, 0, 0, 0, 0, , , , 
, , , , , , , , , , , , , , , , , , , , , , 
, , , , , Total, 8500, 9000, 8500, 9000, 8000, 0, 0, 0, 0, 0, 0, 0, 43000, , , , 
, , , , , , , , , , , , , , , , , , , , , , 
, , , , , , , , , , , , , , , , , , , , , , 
, , , , , , , , , , , , , , , , , , , , , , 
, , , , , , , , , , , , , , , , , , , , , , 
, , , , , , , , , , , , , , , , , , , , , , 
, , , , , , , , , , , , , , , , , , , , , , 
, , , , , , , , , , , , , , , , , , , , , , 
, , , , , , , , , , , , , , , , , , , , , , 
, , , , , , , , , , , , , , , , , , , , , , 
, , , , , , , , , , , , , , , , , , , , , , 
, , , , , , A, B, C, D, E, F, G, H, I, J, K, L, Avg, , , , 
, , , , , , , , , , , , , , , , , , , , , , 
PAGE 5, Income, , Net Rev ------, Wholesale, , 404965, 335286, 295980, 460556, 487508, 0, 0, 0, 0, 0, 0, 0, 396859, , , , 
,   Statement, , , Internet, , 147266, 121590, 122606, 121024, 125347, 0, 0, 0, 0, 0, 0, 0, 127567, , , , 
,   Data, , , Private-Label, , 0, 46008, 107953, 0, 12608, 0, 0, 0, 0, 0, 0, 0, 33314, , , , 
, , , ,   Total, , 552231, 502884, 532125, 586191, 625463, 0, 0, 0, 0, 0, 0, 0, 559779, , , , 
, , , Cost of Pairs Sold, , , 269615, 281689, 285284, 269052, 316571, 0, 0, 0, 0, 0, 0, 0, 284442, , , , 
, , , Whse Expenses, , , 51761, 43998, 43993, 50356, 48158, 0, 0, 0, 0, 0, 0, 0, 47653, , , , 
, , , Marketing Expenses, , , 170270, 76477, 108348, 140232, 136452, 0, 0, 0, 0, 0, 0, 0, 126356, , , , 
, , , Admin Expenses, , , 16204, 16305, 18808, 19306, 18306, 0, 0, 0, 0, 0, 0, 0, 17786, , , , 
, , , Operating Profit, , , 44381, 84415, 75692, 107245, 105976, 0, 0, 0, 0, 0, 0, 0, 83542, , , , 
, , , Interest Exp (Inc), , , 6911, 6702, 13201, 7644, 6955, 0, 0, 0, 0, 0, 0, 0, 8283, , , , 
, , , Income Taxes, , , 11241, 23314, 18372, 29880, 29706, 0, 0, 0, 0, 0, 0, 0, 22503, , , , 
, , , Net Profit, , , 26229, 54399, 42869, 69721, 69315, 0, 0, 0, 0, 0, 0, 0, 52507, , , , 
, , , , , , , , , , , , , , , , , , , , , , 
, , , , , , , , , , , , , , , , , , , , , , 
, , , , , , , , , , , , , , , , , , , , , , 
, , , , , , , , , , , , , , , , , , , , , , 
, , , , , , , , , , , , , , , , , , , , , , 
, Selected, , Assets -------, Cash On Hand, , 51914, 0, 12687, 28342, 50466, 0, 0, 0, 0, 0, 0, 0, 28682, , , , 
,   Balance, , , Current Assets, , 163421, 116375, 123549, 157846, 190309, 0, 0, 0, 0, 0, 0, 0, 150300, , , , 
,   Sheet, , , Fixed Assets, , 236305, 354290, 298392, 253654, 241118, 0, 0, 0, 0, 0, 0, 0, 276752, , , , 
,   Data, , , Total Assets, , 399726, 470665, 421941, 411500, 431427, 0, 0, 0, 0, 0, 0, 0, 427052, , , , 
, , , , , , , , , , , , , , , , , , , , , , 
, , , Liabilities ------, Current Liabilities, , 40703, 76351, 45822, 39548, 42554, 0, 0, 0, 0, 0, 0, 0, 48996, , , , 
, , , , Long-Term Loans, , 68400, 81400, 145535, 76000, 65400, 0, 0, 0, 0, 0, 0, 0, 87347, , , , 
, , , , Total Liabilities, , 109103, 157751, 191357, 115548, 107954, 0, 0, 0, 0, 0, 0, 0, 136343, , , , 
, , , , , , , , , , , , , , , , , , , , , , 
, , , Equity ------, Beginning Equity, , 264394, 258515, 237715, 258612, 254158, 0, 0, 0, 0, 0, 0, 0, 254679, , , , 
, , , , Stock Sale (Purch), , 0, 0, 0, -2456, 0, 0, 0, 0, 0, 0, 0, 0, -491, , , , 
, , , , Earnings Retained, , 26229, 54399, -7131, 39796, 69315, 0, 0, 0, 0, 0, 0, 0, 36522, , , , 
, , , , Ending Equity, , 290623, 312914, 230584, 295952, 323473, 0, 0, 0, 0, 0, 0, 0, 290709, , , , 
, , , , , , , , , , , , , , , , , , , , , , 
, , , , , , , , , , , , , , , , , , , , , , 
, , , , , , , , , , , , , , , , , , , , , , 
, , , , , , , , , , , , , , , , , , , , , , 
, , , , , , , , , , , , , , , , , , , , , , 
, Selected, , Gross Profit Margin, , , 0.512, 0.44, 0.464, 0.541, 0.494, 0, 0, 0, 0, 0, 0, 0, 0.492, , , , 
,   Financial, , Oper Profit Margin, , , 0.08, 0.168, 0.142, 0.183, 0.169, 0, 0, 0, 0, 0, 0, 0, 0.149, , , , 
,   Statistics, , Net Profit margin, , , 0.047, 0.108, 0.081, 0.119, 0.111, 0, 0, 0, 0, 0, 0, 0, 0.094, , , , 
, , , , , , , , , , , , , , , , , , , , , , 
, , , Dividend Per Share, , , 0, 0, 2.5, 1.5, 0, 0, 0, 0, 0, 0, 0, 0, 0.8, , , , 
, , , Total Div Payment, , , 0, 0, 50000, 29925, 0, 0, 0, 0, 0, 0, 0, 0, 15985, , , , 
, , , Div Payout %, , , 0, 0, 1.168, 0.43, 0, 0, 0, 0, 0, 0, 0, 0, 0.32, , , , 
, , , , , , , , , , , , , , , , , , , , , , 
, , , Int Coverage Ratio, , , 6.42, 12.6, 5.73, 14.03, 15.24, 0, 0, 0, 0, 0, 0, 0, 10.8, , , , 
, , , Debt to Assets Ratio, , , 0.27, 0.34, 0.45, 0.28, 0.25, 0, 0, 0, 0, 0, 0, 0, 0.32, , , , 
, , , Default Risk Ratio, , , 2.74, 4.74, 2.47, 5.69, 5.59, 0, 0, 0, 0, 0, 0, 0, 4.25, , , , 
, , , Risk of Default, , , 2, 3, 2, 3, 3, 0, 0, 0, 0, 0, 0, 0, , , , , 
, , , , , , , , , , , , , , , , , , , , , , 
, , , Current Ratio, , , 4.01, 1.52, 2.7, 3.99, 4.47, 0, 0, 0, 0, 0, 0, 0, 3.34, , , , 
, , , Days of Inventory, , , 14, 34, 19, 20, 18, 0, 0, 0, 0, 0, 0, 0, 21, , , , 
, , , Shares Outstanding, , , 20000, 20000, 20000, 19950, 20000, 0, 0, 0, 0, 0, 0, 0, 19990, , , , 
, , , Cumulative Shares of Stock, , , 40000, 40000, 40000, 39950, 40000, 0, 0, 0, 0, 0, 0, 0, 39990, , , , 
, , , , , , , , , , , , , , , , , , , , , , 
, , , , , , , , , , , , , , , , , , , , , , 
, , , , , , , , , , , , , , , , , , , , , , 
, , , , , , , , , , , , , , , , , , , , , , 
, , , , , , , , , , , , , , , , , , , , , , 
, , , , , , , , , , , , , , , , , , , , , , 
, , , , , , , , , , , , , , , , , , , , , , 
, , , , , , , , , , , , , , , , , , , , , , 
, , , , , , , , , , , , , , , , , , , , , , 
, , , , , , , , , , , , , , , , , , , , , , 
, , , , , , , , , , , , , , , , , , , Industry, , , 
, , , , , , 1, 2, 3, 4, 5, 6, 7, 8, 9, 10, 11, 12, Low, Average, High, , 
, , , , , , , , , , , , , , , , , , , , , , 
PAGE 6, North America, , % of New Production Equipment, , , , , , 1, , , , , , , , , 1, 1, 1, , 
,   Facilities, , , , , , , , , , , , , , , , , , , , , 
,   Benchmarks, , Labor --------, Total Compensation, , , , , 43274, , , , , , , , , 42330, 46968, 53101, , 
, , , , Worker Productivity, , , , , 5267, , , , , , , , , 4851, 5103, 5267, , 
, , , , Labor Cost Per Pair, , , , , 8.21, , , , , , , , , 8.21, 9.38, 10.64, , 
, , , , , , , , , , , , , , , , , , , , , , 
, , , , Superviorys Comp, , , , , 62424, , , , , , , , , 60600, 61576, 63654, , 
, , , , , , , , , , , , , , , , , , , , , , 
, , , Branded -----, Superior Materials %, , , , , 0.46, , , , , , , , , 0.4, 0.53, 0.7, , 
, , ,   Prod, TQM ---------, Current, , , , 1, , , , , , , , , 0.41, 1.73, 3.5, , 
, , , , , Cumulative, , , , 11000, , , , , , , , , 7501, 15759, 28800, , 
, , , , $ Per Pair Produced, , , , , 26.41, , , , , , , , , 26.41, 28.96, 33.19, , 
, , , , Reject Rate, , , , , 0.07, , , , , , , , , 0.015, 0.049, 0.07, , 
, , , , , , , , , , , , , , , , , , , , , , 
, , , Cost Per S/Q Star, , , , , , 4.98, , , , , , , , , 4.82, 5.23, 6.15, , 
, , , , , , , , , , , , , , , , , , , , , , 
, , Show LAH Data (0=none 1=avg 2=all), , , , , , , , , , , , , , , , 2, , , , 
, , , , , , , , , , , , , , , , , , , , , , 
, , , , , , , , , , , , , , , , , , , , , , 
, , , , , , , , , , , , , , , , , , , , , , 
, Europe-Africa, , % of New Production Equipment, , , , , , 0, , , , , , , , , 0, 0, 0, , 
,   Facilities, , , , , , , , , , , , , , , , , , , , , 
,   Benchmarks, , Labor --------, Total Compensation, , , , , 0, , , , , , , , , 0, 0, 0, , 
, , , , Worker Productivity, , , , , 0, , , , , , , , , 0, 0, 0, , 
, , , , Labor Cost Per Pair, , , , , 0, , , , , , , , , 0, 0, 0, , 
, , , , , , , , , , , , , , , , , , , , , , 
, , , , Superviorys Comp, , , , , 0, , , , , , , , , 0, 0, 0, , 
, , , , , , , , , , , , , , , , , , , , , , 
, , , Branded -----, Superior Materials %, , , , , 0, , , , , , , , , 0, 0, 0, , 
, , ,   Prod, TQM ---------, Current, , , , 0, , , , , , , , , 0, 0, 0, , 
, , , , , Cumulative, , , , 0, , , , , , , , , 0, 0, 0, , 
, , , , $ Per Pair Produced, , , , , 0, , , , , , , , , 0, 0, 0, , 
, , , , Reject Rate, , , , , 0, , , , , , , , , 0, 0, 0, , 
, , , , , , , , , , , , , , , , , , , , , , 
, , , Cost Per S/Q Star, , , , , , 0, , , , , , , , , 0, 0, 0, , 
, , , , , , , , , , , , , , , , , , , , , , 
, , Show LAH Data (0=none 1=avg 2=all), , , , , , , , , , , , , , , , 0, , , , 
, , , , , , , , , , , , , , , , , , , , , , 
, , , , , , , , , , , , , , , , , , , , , , 
, , , , , , , , , , , , , , , , , , , , , , 
, Asia-Pacific, , % of New Production Equipment, , , , , , 0.25, , , , , , , , , 0, 0.09, 0.25, , 
,   Facilities, , , , , , , , , , , , , , , , , , , , , 
,   Benchmarks, , Labor --------, Total Compensation, , , , , 17535, , , , , , , , , 16915, 20726, 23819, , 
, , , , Worker Productivity, , , , , 3796, , , , , , , , , 3461, 3663, 3796, , 
, , , , Labor Cost Per Pair, , , , , 4.76, , , , , , , , , 4.76, 5.79, 6.63, , 
, , , , , , , , , , , , , , , , , , , , , , 
, , , , Superviorys Comp, , , , , 26010, , , , , , , , , 25250, 25707, 26523, , 
, , , , , , , , , , , , , , , , , , , , , , 
, , , Branded -----, Superior Materials %, , , , , 0.4, , , , , , , , , 0.4, 0.54, 0.7, , 
, , ,   Prod, TQM ---------, Current, , , , 1.1, , , , , , , , , 0.46, 1.77, 3.5, , 
, , , , , Cumulative, , , , 10227, , , , , , , , , 7914, 16399, 28563, , 
, , , , $ Per Pair Produced, , , , , 22.1, , , , , , , , , 22.1, 25.47, 29.45, , 
, , , , Reject Rate, , , , , 0.074, , , , , , , , , 0.033, 0.065, 0.087, , 
, , , , , , , , , , , , , , , , , , , , , , 
, , , Cost Per S/Q Star, , , , , , 3.95, , , , , , , , , 3.95, 4.76, 5.89, , 
, , , , , , , , , , , , , , , , , , , , , , 
, , Show LAH Data (0=none 1=avg 2=all), , , , , , , , , , , , , , , , 2, , , , 
, , , , , , , , , , , , , , , , , , , , , , 
, , , , , , , , , , , , , , , , , , , , , , 
, , , , , , , , , , , , , , , , , , , , , , 
, Latin America, , % of New Production Equipment, , , , , , 0, , , , , , , , , 0, 0, 0, , 
,   Facilities, , , , , , , , , , , , , , , , , , , , , 
,   Benchmarks, , Labor --------, Total Compensation, , , , , 0, , , , , , , , , 0, 0, 0, , 
, , , , Worker Productivity, , , , , 0, , , , , , , , , 0, 0, 0, , 
, , , , Labor Cost Per Pair, , , , , 0, , , , , , , , , 0, 0, 0, , 
, , , , , , , , , , , , , , , , , , , , , , 
, , , , Superviorys Comp, , , , , 0, , , , , , , , , 0, 0, 0, , 
, , , , , , , , , , , , , , , , , , , , , , 
, , , Branded -----, Superior Materials %, , , , , 0, , , , , , , , , 0, 0, 0, , 
, , ,   Prod, TQM ---------, Current, , , , 0, , , , , , , , , 0, 0, 0, , 
, , , , , Cumulative, , , , 0, , , , , , , , , 0, 0, 0, , 
, , , , $ Per Pair Produced, , , , , 0, , , , , , , , , 0, 0, 0, , 
, , , , Reject Rate, , , , , 0, , , , , , , , , 0, 0, 0, , 
, , , , , , , , , , , , , , , , , , , , , , 
, , , Cost Per S/Q Star, , , , , , 0, , , , , , , , , 0, 0, 0, , 
, , , , , , , , , , , , , , , , , , , , , , 
, , Show LAH Data (0=none 1=avg 2=all), , , , , , , , , , , , , , , , 0, , , , 
, , , , , , , , , , , , , , , , , , , , , , 
, , , , , , , , , , , , , , , , , , , , , , 
, , , , , , , , , , , , , , , , , , , , , , 
, , , , , , , , , , , , , , , , , , , , , , 
, , , , , , , , , , , , , , , , , , , , , , 
, , , , , , , , , , , , , , , , , , , , , , 
, , , , , , , , , , , , , , , , , , , , , , 
, , , , , , , , , , , , , , , , , , , , , , 
, , , , , , , , , , , , , , , , , , , Industry, , , 
, Branded Operating Benchmarks, , , , , , , , 4, , , , , , , , , Low, Average, High, , 
, , , , , , , , , , , , , , , , , , , , , , 
PAGE 7, North America, , Cost Per Pair Sold, , , , , , 27.47, , , , , , , , , 27.47, 29.61, 32.4, , 
, , , Dist & Whse Costs / Pair Avail, , , , , , 5.72, , , , , , , , , 5.72, 6.51, 7.42, , 
, , , Internet ------, Warehouse Exp, , , , , 13.01, , , , , , , , , 12.91, 13.19, 13.68, , 
, , , , Marketing Expenses, , , , , 22.61, , , , , , , , , 21.43, 24.99, 30.47, , 
, , , , Operating Profit, , , , , 29.81, , , , , , , , , 17.91, 25.12, 35.04, , 
, , , , Operating Profit Margin, , , , , 0.314, , , , , , , , , 0.211, 0.261, 0.326, , 
, , , Whsle ---------, Warehouse Exp, , , , , 3.77, , , , , , , , , 3.77, 4.23, 5.05, , 
, , , , Marketing Expenses, , , , , 14.46, , , , , , , , , 7.52, 14.4, 18.75, , 
, , , , Operating Profit, , , , , 11.2, , , , , , , , , 7.66, 11.88, 15.61, , 
, , , , Operating Profit Margin, , , , , 0.19, , , , , , , , , 0.128, 0.19, 0.248, , 
, , , , , , , , , , , , , , , , , , , , , , 
, , , , , , , , , , , , , , , , , , , , , , 
, Europe-Africa, , Cost Per Pair Sold, , , , , , 30.43, , , , , , , , , 30.43, 34.51, 42.51, , 
, , , Dist & Whse Costs / Pair Avail, , , , , , 11.7, , , , , , , , , 11.7, 13.14, 14.88, , 
, , , Internet ------, Warehouse Exp, , , , , 13.58, , , , , , , , , 12.87, 13.18, 13.58, , 
, , , , Marketing Expenses, , , , , 32.83, , , , , , , , , 20.76, 27.98, 32.97, , 
, , , , Operating Profit, , , , , 27.29, , , , , , , , , 11.15, 18.03, 27.29, , 
, , , , Operating Profit Margin, , , , , 0.257, , , , , , , , , 0.14, 0.184, 0.257, , 
, , , Whsle ---------, Warehouse Exp, , , , , 4.93, , , , , , , , , 3.8, 4.28, 4.93, , 
, , , , Marketing Expenses, , , , , 11.6, , , , , , , , , 11.6, 14.51, 18.87, , 
, , , , Operating Profit, , , , , 9.99, , , , , , , , , 0.95, 5.16, 10.05, , 
, , , , Operating Profit Margin, , , , , 0.169, , , , , , , , , 0.017, 0.084, 0.169, , 
, , , , , , , , , , , , , , , , , , , , , , 
, , , , , , , , , , , , , , , , , , , , , , 
, Asia-Pacific, , Cost Per Pair Sold, , , , , , 23.31, , , , , , , , , 23.31, 26.36, 29.76, , 
, , , Dist & Whse Costs / Pair Avail, , , , , , 6.24, , , , , , , , , 5.96, 6.51, 7.2, , 
, , , Internet ------, Warehouse Exp, , , , , 13.19, , , , , , , , , 13.17, 13.34, 13.58, , 
, , , , Marketing Expenses, , , , , 27.09, , , , , , , , , 19.64, 27.59, 33.16, , 
, , , , Operating Profit, , , , , 18.49, , , , , , , , , 8.79, 17.37, 26.96, , 
, , , , Operating Profit Margin, , , , , 0.22, , , , , , , , , 0.112, 0.197, 0.276, , 
, , , Whsle ---------, Warehouse Exp, , , , , 4.2, , , , , , , , , 4.2, 4.59, 5.05, , 
, , , , Marketing Expenses, , , , , 14.02, , , , , , , , , 5.42, 13.41, 23.24, , 
, , , , Operating Profit, , , , , 8.75, , , , , , , , , 1.76, 8.73, 14.53, , 
, , , , Operating Profit Margin, , , , , 0.167, , , , , , , , , 0.032, 0.157, 0.255, , 
, , , , , , , , , , , , , , , , , , , , , , 
, , , , , , , , , , , , , , , , , , , , , , 
, Latin America, , Cost Per Pair Sold, , , , , , 37.13, , , , , , , , , 37.13, 40.24, 43.17, , 
, , , Dist & Whse Costs / Pair Avail, , , , , , 17.65, , , , , , , , , 16.38, 18.01, 19.95, , 
, , , Internet ------, Warehouse Exp, , , , , 13.2, , , , , , , , , 13.04, 13.27, 13.57, , 
, , , , Marketing Expenses, , , , , 32.29, , , , , , , , , 16.6, 24.1, 32.29, , 
, , , , Operating Profit, , , , , 16.3, , , , , , , , , 7.52, 17.46, 34.68, , 
, , , , Operating Profit Margin, , , , , 0.161, , , , , , , , , 0.091, 0.173, 0.322, , 
, , , Whsle ---------, Warehouse Exp, , , , , 4.31, , , , , , , , , 4.17, 4.49, 5.07, , 
, , , , Marketing Expenses, , , , , 11.36, , , , , , , , , 9.13, 10.85, 11.51, , 
, , , , Operating Profit, , , , , 7.63, , , , , , , , , -2.38, 3.31, 7.63, , 
, , , , Operating Profit Margin, , , , , 0.122, , , , , , , , , -0.041, 0.052, 0.122, , 
, , , , , , , , , , , , , , , , , , , , , , 
, , , , , , , , , , , , , , , , , , , , , , 
, , , , , , , , , , , , , , , , , , , , , , 
, , , , , , , , , , , , , , , , , , , , , , 
, Private-Label Operating Benchmarks, , , , , , , , , , , , , , , , , , , , , 
, , , , , , , , , , , , , , , , , , , , , , 
, North America, , Cost Per Pair Sold, , , , , , 0, , , , , , , , , 25.33, 29.28, 31.6, , 
, , , Warehouse Exp, , , , , , 0, , , , , , , , , 1.15, 1.15, 0.92, , 
, , , Margin Over Direct, , , , , , 0, , , , , , , , , -0.07, 9.23, 15.52, , 
, , , , , , , , , , , , , , , , , , , , , , 
, , , , , , , , , , , , , , , , , , , , , , 
, , , , , , , , , , , , , , , , , , , , , , 
, Europe-Africa, , Cost Per Pair Sold, , , , , , 0, , , , , , , , , 29.89, 29.89, 29.89, , 
, , , Warehouse Exp, , , , , , 0, , , , , , , , , 1.15, 1.15, 0.46, , 
, , , Margin Over Direct, , , , , , 0, , , , , , , , , 10.2, 10.2, 10.2, , 
, , , , , , , , , , , , , , , , , , , , , , 
, , , , , , , , , , , , , , , , , , , , , , 
, , , , , , , , , , , , , , , , , , , , , , 
, Asia-Pacific, , Cost Per Pair Sold, , , , , , 0, , , , , , , , , 22.94, 25.18, 27.42, , 
, , , Warehouse Exp, , , , , , 0, , , , , , , , , 1.15, 1.15, 0.69, , 
, , , Margin Over Direct, , , , , , 0, , , , , , , , , 9.78, 11.56, 13.33, , 
, , , , , , , , , , , , , , , , , , , , , , 
, , , , , , , , , , , , , , , , , , , , , , 
, , , , , , , , , , , , , , , , , , , , , , 
, Latin America, , Cost Per Pair Sold, , , , , , 0, , , , , , , , , 37.26, 37.26, 37.26, , 
, , , Warehouse Exp, , , , , , 0, , , , , , , , , 1.15, 1.15, 0.46, , 
, , , Margin Over Direct, , , , , , 0, , , , , , , , , 0.07, 0.07, 0.07, , 
, , , , , , , , , , , , , , , , , , , , , , 
, , , , , , , , , , , , , , , , , , , , , , 
, , , , , , , , , , , , , , , , , , , , , , 
, , , , , , , , , , , , , , , , , , , , , , 
, , , , , , , , , , , , , , , , , , , , , , 
, , , , , , , , , , , , , , , , , , , , , , 
, , , , , , , , , , , , , , , , , , , , , , 
, , , , , , , , , , , , , , , , , , , , , , 
, , , , , , , , , , , , , , , , , , , , , , 
, , , , , , , , , , , , , , , , , , , , , , 
, , , , , , Celebrity, Holder, Most Recent Contract Offers, , , , , , , , , , , , , , 
, , , , , , Name, Co#, # Offers, High, Co#, 2nd, Co#, 3rd, Co#, , , , , , , , 
, , , , , , , , , , , , , , , , , , , , , , 
PAGE 8, Celebrity, , Status and ------------------, , Celeb 1, Mona Gimenez, 1, 3, 800, 1, 601, 4, 550, 2, , , , , , , , 
,   Data, ,   Offers, , Celeb 2, Franco Jara, 4, 4, 1001, 4, 900, 2, 800, 1, , , , , , , , 
, , , , , Celeb 3, B Barticciotto, 2, 3, 750, 2, 510, 5, 501, 4, , , , , , , , 
, , , , , Celeb 4, S Rodríguez, 3, 4, 750, 3, 702, 4, 700, 5, , , , , , , , 
, , , , , Celeb 5, Franco Colapinto, 2, 2, 751, 4, 550, 2, 0, 0, , , , , , , , 
, , , , , Celeb 6, Horacio Zeballos, 5, 2, 601, 4, 510, 5, 0, 0, , , , , , , , 
, , , , , Celeb 7, Ángel Pato Cabrera, 4, 1, 801, 4, 0, 0, 0, 0, , , , , , , , 
, , , , , Celeb 8, PATRICIO KEMBERT, 0, 0, 0, 0, 0, 0, 0, 0, , , , , , , , 
, , , , , Celeb 9, Leonel Messi, 0, 0, 0, 0, 0, 0, 0, 0, , , , , , , , 
, , , , , Celeb 10, MAURO CRAVERO, 0, 0, 0, 0, 0, 0, 0, 0, , , , , , , , 
, , , , , Celeb 11, Nick Shavan, 0, 0, 0, 0, 0, 0, 0, 0, , , , , , , , 
, , , , , Celeb 12, Anderson Blooper, 0, 0, 0, 0, 0, 0, 0, 0, , , , , , , , 
, , , , , Celeb 13, Nick Shavan, 0, 0, 0, 0, 0, 0, 0, 0, , , , , , , , 
, , , , , Celeb 14, Jim Hardball, 0, 0, 0, 0, 0, 0, 0, 0, , , , , , , , 
, , , , , Celeb 15, LaBron Game, 0, 0, 0, 0, 0, 0, 0, 0, , , , , , , , 
, , , , , Celeb 16, Flint Westwood, 0, 0, 0, 0, 0, 0, 0, 0, , , , , , , , 
, , , , , , , , , , , , , , , , , , , , , , 
, , , , , , , , , , , , , , , , , , , , , , 
, , , , , , , , , , , , , , , , , , , , , , 
, , , , , , A, B, C, D, E, F, G, H, I, J, K, L, Avg, , , , 
, , , , , , , , , , , , , , , , , , , , , , 
, , , Appeal Index --------------, , N.A., 85, 110, 60, 175, 60, 0, 0, 0, 0, 0, 0, 0, 98, , , , 
, , ,   Totals, , E-A, 65, 185, 50, 150, 45, 0, 0, 0, 0, 0, 0, 0, 99, , , , 
, , , , , A-P, 60, 130, 60, 160, 100, 0, 0, 0, 0, 0, 0, 0, 102, , , , 
, , , , , L.A., 40, 155, 95, 135, 65, 0, 0, 0, 0, 0, 0, 0, 98, , , , 
, , , , , , , , , , , , , , , , , , , , , , 
, , , , , , , , , , , , , , , , , , , , , , 
, , , , , , , , , , , , , , , , , , , , , , 
, , , , , , , , , , , , , , , , , , , , , , 
, , , , , , , , , , , , , , , , , , , , , , 
, , , , , , 10, 11, 12, 13, 14, 15, 16, 17, 18, 19, 20, , , , , , 
, , , , , , , , , , , , , , , , , , , , , , 
, Pricing and, , N.A.----------, Internet Price Avg., , 67, 84.2, 90.2, 0, 0, 0, 0, 0, 0, 0, 0, , , , , , 
, S/Q Trends, , , Wholesale Price Avg., , 48, 57.6, 62.4, 0, 0, 0, 0, 0, 0, 0, 0, , , , , , 
, , , , S/Q Rating Average, , 4, 5.5, 5.5, 0, 0, 0, 0, 0, 0, 0, 0, , , , , , 
, , , , , , , , , , , , , , , , , , , , , , 
, , , E-A ----------, Internet Price Avg., , 72, 86.09, 94.4, 0, 0, 0, 0, 0, 0, 0, 0, , , , , , 
, , , , Wholesale Price Avg., , 53, 59.99, 64.8, 0, 0, 0, 0, 0, 0, 0, 0, , , , , , 
, , , , S/Q Rating Average, , 4, 5, 5.4, 0, 0, 0, 0, 0, 0, 0, 0, , , , , , 
, , , , , , , , , , , , , , , , , , , , , , 
, , , A-P ----------, Internet Price Avg., , 67, 83.8, 87.6, 0, 0, 0, 0, 0, 0, 0, 0, , , , , , 
, , , , Wholesale Price Avg., , 48, 56.8, 59.2, 0, 0, 0, 0, 0, 0, 0, 0, , , , , , 
, , , , S/Q Rating Average, , 4, 5, 5.4, 0, 0, 0, 0, 0, 0, 0, 0, , , , , , 
, , , , , , , , , , , , , , , , , , , , , , 
, , , L.A.----------, Internet Price Avg., , 72, 86.25, 93.4, 0, 0, 0, 0, 0, 0, 0, 0, , , , , , 
, , , , Wholesale Price Avg., , 53, 60.35, 63.6, 0, 0, 0, 0, 0, 0, 0, 0, , , , , , 
, , , , S/Q Rating Average, , 4, 5.4, 5.5, 0, 0, 0, 0, 0, 0, 0, 0, , , , , , 
